Age_ka,Depth_top_m,Depth_bottom_m,Ca_ppb,Age_b2k,CV_Ca,eta
11.67,1492.94,0.099,88.18,11670.0,,
11.69,1493.62,0.1,86.54,11690.0,,
11.71,1494.26,0.1,115.4,11710.0,,
11.73,1494.85,0.101,89.57,11730.0,,
11.75,1495.43,0.102,118.78,11750.0,,
11.77,1496.06,0.102,110.21,11770.0,,
11.79,1496.68,0.103,106.38,11790.0,,
11.81,1497.25,0.104,129.55,11810.0,,
11.83,1497.81,0.104,116.09,11830.0,,
11.85,1498.35,0.105,116.68,11850.0,,
11.87,1498.93,0.106,132.42,11870.0,,
11.89,1499.53,0.106,152.35,11890.0,,
11.91,1500.15,0.107,123.26,11910.0,,
11.93,1500.74,0.108,112.73,11930.0,,
11.95,1501.29,0.108,127.57,11950.0,,
11.97,1501.85,0.109,113.79,11970.0,,
11.99,1502.51,0.11,91.89,11990.0,,
12.01,1503.09,0.11,113.46,12010.0,,
12.03,1503.65,0.111,108.72,12030.0,,
12.05,1504.25,0.112,120.46,12050.0,,
12.07,1504.78,0.112,125.78,12070.0,,
12.09,1505.35,0.113,139.72,12090.0,,
12.11,1505.87,0.114,143.98,12110.0,,
12.13,1506.37,0.114,165.34,12130.0,,
12.17,1507.49,0.115,135.97,12170.0,,
12.19,1508.03,0.116,163.45,12190.0,,
12.21,1508.58,0.117,149.1,12210.0,,
12.23,1509.2,0.117,146.89,12230.0,,
12.25,1509.74,0.118,146.81,12250.0,,
12.27,1510.29,0.119,138.2,12270.0,,
12.29,1510.78,0.119,189.82,12290.0,0.3720052720287179,1.3824089624488205
12.31,1511.34,0.12,212.2,12310.0,0.3832519824047637,1.4015283700880983
12.33,1511.83,0.121,121.14,12330.0,0.39256729942719504,1.4173644090262316
12.35,1512.41,0.121,143.43,12350.0,0.4069911658676394,1.441884981974987
12.37,1512.95,0.122,134.62,12370.0,0.41959763625012036,1.4633159816252046
12.39,1513.56,0.123,102.11,12390.0,0.4345169027912137,1.4886787347450632
12.41,1514.2,0.123,131.89,12410.0,0.4437759433349099,1.5044191036693468
12.43,1514.75,0.124,137.73,12430.0,0.45341433323964364,1.5208043665073943
12.45,1515.27,0.125,168.3,12450.0,0.46714066148031935,1.5441391245165428
12.47,1515.84,0.125,180.75,12470.0,0.47854048486018175,1.5635188242623088
12.49,1516.38,0.126,193.03,12490.0,0.48655368607267263,1.5771412663235433
12.51,1516.89,0.127,224.13,12510.0,0.49863655890406233,1.5976821501369058
12.53,1517.46,0.127,194.35,12530.0,0.5079578028122981,1.6135282647809066
12.55,1517.94,0.128,200.96,12550.0,0.5180003573984362,1.6306006075773416
12.57,1518.39,0.129,273.77,12570.0,0.5267193721454819,1.6454229326473193
12.59,1518.9,0.129,252.54,12590.0,0.533996438274908,1.6577939450673433
12.61,1519.5,0.13,273.89,12610.0,0.5415816407324067,1.6706887892450912
12.63,1520.04,0.131,157.84,12630.0,0.5507271157450149,1.6862360967665253
12.65,1520.59,0.131,226.64,12650.0,0.5633501614893434,1.7076952745318836
12.67,1521.21,0.132,200.75,12670.0,0.576779260949465,1.7305247436140903
12.69,1521.82,0.132,235.23,12690.0,0.5898356842529092,1.7527206632299457
12.71,1522.36,0.133,175.41,12710.0,0.6039487768822136,1.7767129206997632
12.73,1522.91,0.134,129.67,12730.0,0.6181512810408376,1.800857177769424
12.75,1523.44,0.134,105.39,12750.0,0.6349535355344095,1.829421010408496
12.77,1524.02,0.135,84.25,12770.0,0.6507433225766934,1.8562636483803787
12.79,1524.7,0.136,88.17,12790.0,0.6650793315217168,1.8806348635869186
12.81,1525.3,0.136,40.51,12810.0,0.6821699009729537,1.9096888316540213
12.83,1525.94,0.137,46.03,12830.0,0.698161178085251,1.9368740027449267
12.85,1526.67,0.138,40.7,12850.0,0.7147473241684863,1.9650704510864268
12.87,1527.42,0.138,44.12,12870.0,0.7289944561569233,1.9892905754667696
12.89,1528.24,0.139,36.89,12890.0,0.7460567647820054,2.0182965001294093
12.91,1528.98,0.139,42.57,12910.0,0.7614242217652124,2.044421177000861
12.93,1529.76,0.14,36.87,12930.0,0.7746445452202642,2.0668957268744492
12.95,1530.73,0.14,30.94,12950.0,0.7880867085757404,2.0897474045787585
12.97,1531.5,0.141,34.68,12970.0,0.8034306305992022,2.1158320720186437
12.99,1532.26,0.141,53.91,12990.0,0.8108356238291693,2.128420560509588
13.01,1533.12,0.142,50.08,13010.0,0.8173566184458401,2.139506251357928
13.03,1533.86,0.142,41.12,13030.0,0.8299729641407977,2.160954039039356
13.05,1534.55,0.143,46.04,13050.0,0.8436887184176661,2.184270821310032
13.07,1535.21,0.143,61.6,13070.0,0.8598924491037777,2.211817163476422
13.09,1535.89,0.144,47.8,13090.0,0.87626742765336,2.2396546270107116
13.11,1536.56,0.145,63.96,13110.0,0.8905560600968125,2.263945302164581
13.13,1537.23,0.145,53.83,13130.0,0.8985611218519426,2.2775539071483024
13.15,1537.94,0.146,55.73,13150.0,0.9111719986343022,2.2989923976783135
13.17,1538.64,0.146,68.96,13170.0,0.919860128786358,2.313762218936809
13.19,1539.37,0.147,61.6,13190.0,0.8923453646614341,2.266987119924438
13.21,1540.0,0.147,42.82,13210.0,0.8625496620913452,2.216334425555287
13.23,1540.8,0.148,38.58,13230.0,0.7969997339829097,2.1048995477709465
13.25,1541.65,0.148,33.44,13250.0,0.796732040499434,2.104444468849038
13.27,1542.48,0.149,39.22,13270.0,0.738670897542507,2.005740525822262
13.29,1543.37,0.149,36.55,13290.0,0.683710355717691,1.9123076047200747
13.31,1544.2,0.15,39.34,13310.0,0.5326778772424611,1.6555523913121837
13.33,1545.02,0.15,29.81,13330.0,0.42075826912315417,1.465289057509362
13.35,1545.94,0.151,34.58,13350.0,0.3531826069490277,1.350410431813347
13.37,1546.78,0.151,38.65,13370.0,0.31055459202133573,1.2779428064362706
13.39,1547.75,0.152,30.06,13390.0,0.30387014250857225,1.266579242264573
13.41,1548.55,0.152,34.37,13410.0,0.3198951530475537,1.2938217601808413
13.43,1549.46,0.153,32.35,13430.0,0.33968082591338733,1.3274574040527585
13.45,1550.33,0.153,41.72,13450.0,0.34021309313602205,1.3283622583312376
13.47,1551.27,0.154,30.55,13470.0,0.34189047692077534,1.331213810765318
13.49,1552.17,0.155,33.21,13490.0,0.3450122285571151,1.3365207885470958
13.51,1553.16,0.155,30.84,13510.0,0.34816518310561895,1.3418808112795522
13.53,1553.95,0.156,41.58,13530.0,0.35330491944581993,1.3506183630578938
13.55,1554.75,0.156,38.73,13550.0,0.3534612045500788,1.3508840477351338
13.57,1555.5,0.157,71.51,13570.0,0.35376487865576567,1.3514002937148017
13.59,1556.26,0.157,63.5,13590.0,0.35518131162593974,1.3538082297640974
13.61,1557.08,0.158,48.43,13610.0,0.36082073930954806,1.3633952568262315
13.63,1557.89,0.158,45.46,13630.0,0.3662395490350385,1.3726072333595654
13.65,1558.84,0.159,35.58,13650.0,0.36677143792207173,1.373511444467522
13.67,1559.72,0.159,31.76,13670.0,0.3716486172159633,1.3818026492671376
13.69,1560.62,0.16,32.63,13690.0,0.3760728366677002,1.3893238223350903
13.71,1561.51,0.16,28.88,13710.0,0.3794210279913262,1.3950157475852545
13.73,1562.43,0.161,30.59,13730.0,0.3810435631760395,1.3977740573992672
13.75,1563.36,0.161,33.82,13750.0,0.3833775628145944,1.4017418567848106
13.77,1564.34,0.162,34.49,13770.0,0.38522193466729254,1.4048772889343972
13.79,1565.2,0.162,37.87,13790.0,0.37931490184870703,1.3948353331428018
13.81,1566.16,0.163,32.41,13810.0,0.37731781014394616,1.3914402772447083
13.83,1567.16,0.163,32.05,13830.0,0.3799488953292369,1.3959131220597027
13.85,1568.06,0.164,33.31,13850.0,0.3827025257851933,1.4005942938348286
13.87,1568.98,0.165,32.48,13870.0,0.3836673701392898,1.4022345292367926
13.89,1569.95,0.165,27.78,13890.0,0.3844245918195815,1.4035218060932886
13.91,1570.75,0.166,36.63,13910.0,0.38787764933712326,1.4093920038731094
13.93,1571.51,0.166,51.84,13930.0,0.3914230461838466,1.4154191785125392
13.95,1572.26,0.167,57.81,13950.0,0.39274211727921304,1.4176615993746622
13.97,1572.97,0.167,77.59,13970.0,0.39616805101461766,1.42348568672485
13.99,1573.59,0.168,99.93,13990.0,0.3972264071806191,1.4252848922070525
14.01,1574.28,0.168,87.28,14010.0,0.3952310337995231,1.4218927574591893
14.03,1575.03,0.169,41.79,14030.0,0.3954701599083646,1.4222992718442198
14.05,1575.9,0.169,34.76,14050.0,0.3941233407669983,1.420009679303897
14.07,1576.77,0.17,32.4,14070.0,0.42961371899664424,1.4803433222942952
14.09,1577.59,0.17,29.0,14090.0,0.4955893509798222,1.5925018966656976
14.11,1578.54,0.171,27.55,14110.0,0.5828899397904099,1.740912897643697
14.13,1579.3,0.171,36.35,14130.0,0.6280554225510647,1.81769421833681
14.15,1580.19,0.172,30.27,14150.0,0.7020923448299672,1.943556986210944
14.17,1581.18,0.173,31.09,14170.0,0.723276657424495,1.9795703176216415
14.19,1582.16,0.173,26.42,14190.0,0.7482762845823789,2.0220696837900443
14.21,1583.16,0.174,27.22,14210.0,0.7757611450756939,2.0687939466286798
14.23,1584.06,0.174,38.51,14230.0,0.7994846626359924,2.109123926481187
14.25,1585.16,0.175,28.09,14250.0,0.8223504972131259,2.1479958452623142
14.27,1586.22,0.175,23.88,14270.0,0.8373494384050784,2.173494045288633
14.29,1587.24,0.176,30.86,14290.0,0.8365486243222812,2.172132661347878
14.31,1588.24,0.176,25.69,14310.0,0.8412400008025271,2.180108001364296
14.33,1589.2,0.177,30.57,14330.0,0.8355876705968979,2.170499040014726
14.35,1590.16,0.178,30.04,14350.0,0.8294950252546379,2.1601415429328847
14.37,1591.12,0.178,31.86,14370.0,0.8389639797144228,2.176238765514519
14.39,1592.08,0.179,30.91,14390.0,0.8590591426064277,2.2104005424309268
14.41,1593.14,0.179,30.43,14410.0,0.8501654534498925,2.1952812708648173
14.43,1594.21,0.18,29.16,14430.0,0.8375304923761955,2.173801837039532
14.45,1595.05,0.18,30.65,14450.0,0.8258267901807029,2.1539055433071947
14.47,1596.12,0.181,35.2,14470.0,0.8192656835204704,2.1427516619847995
14.49,1597.21,0.181,26.8,14490.0,0.8162428160936076,2.137612787359133
14.51,1598.32,0.182,27.47,14510.0,0.7985144980069994,2.107474646611899
14.53,1599.47,0.182,26.88,14530.0,0.7855087692754477,2.085364907768261
14.55,1600.52,0.183,25.84,14550.0,0.7751879543263375,2.0678195223547737
14.57,1601.4,0.184,33.62,14570.0,0.7719641919157257,2.0623391262567337
14.59,1602.32,0.184,36.92,14590.0,0.769354158725509,2.057902069833365
14.61,1603.31,0.185,33.51,14610.0,0.7723092609244874,2.062925743571628
14.63,1604.17,0.185,48.65,14630.0,0.7685222627305542,2.056487846641942
14.65,1604.89,0.186,94.83,14650.0,0.7555372807305398,2.0344133772419175
14.67,1605.38,0.187,124.63,14670.0,0.7457339005604506,2.017747630952766
14.69,1605.96,0.189,152.43,14690.0,0.7278834453403247,1.9874018570785519
14.71,1606.49,0.189,141.22,14710.0,0.7096640069317037,1.9564288117838964
14.73,1607.08,0.191,176.65,14730.0,0.6913918346239325,1.9253661188606852
14.75,1607.68,0.191,141.62,14750.0,0.6748647227747034,1.897270028716996
14.77,1608.28,0.191,146.64,14770.0,0.6569750928258208,1.8668576578038953
14.79,1608.8,0.192,159.28,14790.0,0.6396952095980563,1.8374818563166957
14.81,1609.36,0.193,168.68,14810.0,0.6215311840354228,1.8066030128602188
14.83,1609.88,0.194,180.47,14830.0,0.6029939695240623,1.7750897481909058
14.85,1610.39,0.194,185.46,14850.0,0.5875369540170446,1.748812821828976
14.87,1610.9,0.195,165.14,14870.0,0.5692418444223837,1.7177111355180523
14.89,1611.37,0.195,186.27,14890.0,0.5504402267487075,1.6857483854728028
14.91,1611.83,0.196,170.82,14910.0,0.5327510937615362,1.6556768593946116
14.93,1612.3,0.196,173.6,14930.0,0.514673439439517,1.6249448470471788
14.95,1612.83,0.197,222.13,14950.0,0.4966159396600718,1.5942470974221221
14.97,1613.32,0.198,260.12,14970.0,0.478307050488007,1.563121985829612
14.99,1613.72,0.198,187.59,14990.0,0.46047313742838325,1.5328043336282515
15.01,1614.18,0.198,181.56,15010.0,0.4425335183880715,1.5023069812597214
15.03,1614.66,0.199,192.26,15030.0,0.42603057061513233,1.4742519700457248
15.05,1615.13,0.2,221.39,15050.0,0.40702833960579304,1.4419481773298481
15.07,1615.55,0.202,245.42,15070.0,0.3874118900205106,1.4086002130348678
15.09,1615.98,0.204,173.0,15090.0,0.36839718641853664,1.3762752169115122
15.11,1616.39,0.204,197.67,15110.0,0.3465526325622409,1.3391394753558095
15.13,1616.84,0.205,189.27,15130.0,0.32935218831948554,1.3098987201431254
15.15,1617.32,0.205,236.66,15150.0,0.3057759169118818,1.269819058750199
15.17,1617.73,0.206,224.0,15170.0,0.2805898884469348,1.2270028103597892
15.19,1618.18,0.207,245.49,15190.0,0.25620693735815037,1.1855517935088555
15.21,1618.67,0.208,215.99,15210.0,0.23185781912445233,1.144158292511569
15.23,1619.12,0.209,220.43,15230.0,0.20455095193094197,1.0977366182826014
15.25,1619.63,0.209,263.44,15250.0,0.18082219522248763,1.057397731878229
15.27,1620.11,0.211,181.81,15270.0,0.16997162512785904,1.0389517627173603
15.29,1620.56,0.211,154.93,15290.0,0.16269951648404257,1.0265891780228724
15.31,1621.02,0.213,150.95,15310.0,0.1596353905534758,1.0213801639409088
15.33,1621.45,0.214,178.94,15330.0,0.16141687795949858,1.0244086925311475
15.35,1621.92,0.214,182.94,15350.0,0.16907369950348072,1.0374252891559173
15.37,1622.38,0.215,199.59,15370.0,0.16608479826543746,1.0323441570512437
15.39,1622.83,0.216,206.52,15390.0,0.16155820433319767,1.024648947366436
15.43,1623.77,0.218,181.88,15430.0,0.16285517248070086,1.0268537932171915
15.45,1624.25,0.219,205.26,15450.0,0.1643423340231114,1.0293819678392895
15.47,1624.71,0.219,190.77,15470.0,0.1753966676110965,1.0481743349388641
15.49,1625.17,0.22,154.65,15490.0,0.17681188916231444,1.0505802115759346
15.51,1625.6,0.221,172.21,15510.0,0.17699729982863352,1.050895409708677
15.53,1626.03,0.223,220.03,15530.0,0.1815987180565625,1.0587178206961563
15.55,1626.44,0.224,190.64,15550.0,0.1876091406793698,1.0689355391549287
15.57,1626.87,0.224,175.93,15570.0,0.1901094890541522,1.0731861313920588
15.59,1627.34,0.226,165.73,15590.0,0.19026630627188126,1.0734527206621982
15.61,1627.74,0.226,214.99,15610.0,0.18913707359062332,1.0715330251040596
15.63,1628.16,0.226,244.67,15630.0,0.19263019724685787,1.0774713353196583
15.65,1628.56,0.226,219.36,15650.0,0.1908558903941469,1.0744550136700497
15.67,1628.98,0.227,175.58,15670.0,0.18998066539018693,1.0729671311633178
15.69,1629.41,0.228,178.46,15690.0,0.19059138968529737,1.0740053624650057
15.71,1629.81,0.23,198.69,15710.0,0.1903456538007282,1.073587611461238
15.73,1630.21,0.231,271.9,15730.0,0.18779676356325167,1.0692544980575278
15.75,1630.6,0.231,190.19,15750.0,0.19219852778677365,1.0767374972375152
15.77,1631.06,0.231,195.78,15770.0,0.1906723524355618,1.074142999140455
15.79,1631.51,0.233,188.85,15790.0,0.191901477545586,1.0762325118274962
15.81,1631.99,0.234,224.32,15810.0,0.19565975206587494,1.0826215785119873
15.83,1632.52,0.234,158.79,15830.0,0.197073469597903,1.0850248983164352
15.85,1632.96,0.235,242.99,15850.0,0.20105285549313426,1.0917898543383282
15.87,1633.38,0.235,245.55,15870.0,0.2017279994872192,1.0929375991282726
15.89,1633.83,0.237,188.06,15890.0,0.20112512032132288,1.091912704546249
15.91,1634.32,0.237,196.44,15910.0,0.19975060139301004,1.089576022368117
15.93,1634.76,0.24,271.87,15930.0,0.20235009506595125,1.093995161612117
15.95,1635.26,0.241,285.79,15950.0,0.19769480104932463,1.086081161783852
15.97,1635.7,0.243,247.22,15970.0,0.19612822033765206,1.0834179745740085
15.99,1636.21,0.245,212.62,15990.0,0.19479822735107624,1.0811569864968296
16.01,1636.66,0.246,267.22,16010.000000000002,0.19323525159878144,1.0784999277179284
16.03,1637.12,0.247,264.61,16030.000000000002,0.1925825486856562,1.0773903327656156
16.05,1637.54,0.248,315.96,16050.0,0.19111247480200902,1.0748912071634154
16.07,1637.99,0.249,261.51,16070.0,0.19299928706852643,1.078098788016495
16.09,1638.43,0.25,269.62,16090.0,0.19089621562541434,1.0745235665632045
16.11,1638.85,0.252,292.57,16110.0,0.18688671074488275,1.0677074082663007
16.13,1639.3,0.254,313.92,16129.999999999998,0.18496113125109456,1.0644339231268607
16.15,1639.76,0.254,295.54,16149.999999999998,0.18397817060965463,1.0627628900364128
16.19,1640.66,0.255,238.34,16190.000000000002,0.18067544761724674,1.0571482609493195
16.21,1641.06,0.257,218.47,16210.0,0.17562143907521433,1.0485564464278643
16.23,1641.51,0.257,297.71,16230.0,0.1710512360590676,1.0407871013004149
16.25,1641.94,0.259,217.19,16250.0,0.16959709845625756,1.0383150673756378
16.27,1642.37,0.26,211.14,16270.0,0.16991162494747492,1.0388497624107074
16.29,1642.79,0.261,254.25,16290.0,0.16867052384621165,1.0367398905385599
16.31,1643.27,0.262,221.05,16309.999999999998,0.16585530336159054,1.031954015714704
16.33,1643.76,0.264,242.72,16329.999999999998,0.16139559886953875,1.024372518078216
16.35,1644.22,0.265,306.67,16350.000000000002,0.16054638066904986,1.0229288471373847
16.37,1644.71,0.265,231.45,16370.000000000002,0.163759869569101,1.0283917782674716
16.39,1645.15,0.266,269.5,16390.0,0.15928351776123037,1.0207819801940916
16.41,1645.64,0.267,299.69,16410.0,0.15521684184318782,1.0138686311334193
16.43,1646.11,0.268,276.64,16430.0,0.14995642835773268,1.0049259282081455
16.45,1646.55,0.269,307.61,16450.0,0.14816427063982704,1.001879260087706
16.47,1646.99,0.269,203.15,16470.0,0.13779454936703375,0.9842507339239573
16.49,1647.48,0.272,240.11,16490.0,0.13746232620208262,0.9836859545435405
16.51,1647.9,0.272,271.68,16510.0,0.13676595022689045,0.9825021153857137
16.53,1648.3,0.273,340.23,16530.0,0.13164862949080897,0.9738026701343753
16.55,1648.75,0.273,287.82,16550.0,0.1267549939819114,0.9654834897692494
16.57,1649.2,0.275,289.08,16570.0,0.12822091829483484,0.9679755611012192
16.59,1649.73,0.277,290.93,16590.0,0.13375600725658035,0.9773852123361866
16.61,1650.24,0.278,235.35,16610.0,0.1329882723926367,0.9760800630674824
16.63,1650.75,0.279,274.69,16630.0,0.13030057250255703,0.971510973254347
16.65,1651.2,0.28,298.18,16650.0,0.13076599495867197,0.9723021914297423
16.67,1651.66,0.281,317.99,16670.0,0.13104122958700873,0.9727700902979148
16.69,1652.1,0.282,222.47,16690.0,0.13516800064242368,0.9797856010921202
16.71,1652.56,0.283,318.23,16710.0,0.14067051392744345,0.9891398736766539
16.73,1653.03,0.284,321.08,16730.0,0.14052909016837217,0.9888994532862327
16.75,1653.52,0.285,261.34,16750.0,0.14208651516432785,0.9915470757793574
16.77,1653.96,0.287,257.21,16770.0,0.14867192248761268,1.0027422682289415
16.79,1654.49,0.288,265.91,16790.0,0.15808686679784112,1.01874767355633
16.81,1654.97,0.29,207.02,16810.0,0.16512119659341964,1.0307060342088135
16.83,1655.41,0.292,249.3,16830.0,0.16168378175579357,1.0248624289848491
16.85,1655.84,0.293,285.95,16850.0,0.16419837061091574,1.0291372300385568
16.87,1656.28,0.294,271.98,16870.0,0.16050460899849353,1.022857835297439
16.89,1656.66,0.295,325.07,16890.0,0.15630085202200097,1.0157114484374017
16.91,1657.11,0.296,304.97,16910.0,0.15539059192494853,1.0141640062724124
16.93,1657.54,0.298,325.93,16930.0,0.15237953387644212,1.0090452075899516
16.95,1658.02,0.299,333.87,16950.0,0.15374832111134135,1.0113721458892804
16.97,1658.5,0.3,252.29,16970.0,0.15515184489987854,1.0137581363297934
16.99,1658.94,0.301,285.05,16990.0,0.15277561276622093,1.0097185417025756
17.01,1659.44,0.303,278.33,17010.0,0.15601297975026512,1.0152220655754507
17.03,1659.92,0.306,266.99,17030.0,0.15854520526248658,1.0195268489462272
17.05,1660.37,0.306,255.3,17050.0,0.16715310340653153,1.0341602757911037
17.07,1660.89,0.308,297.55,17070.0,0.17462450198533117,1.046861653375063
17.09,1661.36,0.309,278.03,17090.0,0.17082990816007598,1.0404108438721291
17.11,1661.88,0.31,235.65,17110.0,0.17702726272564337,1.0509463466335938
17.13,1662.31,0.31,249.35,17130.0,0.18318632946333294,1.061416760087666
17.15,1662.8,0.312,317.23,17150.0,0.18803525610993418,1.069659935386888
17.17,1663.28,0.313,358.43,17170.0,0.19970452178649378,1.0894976870370394
17.19,1663.78,0.313,270.82,17190.0,0.21119937625780602,1.1090389396382703
17.21,1664.18,0.315,315.0,17210.0,0.21526736326150758,1.1159545175445629
17.23,1664.59,0.316,253.3,17230.0,0.2144134126450463,1.1145028014965788
17.25,1665.04,0.317,256.23,17250.0,0.21724329653756835,1.1193136041138663
17.27,1665.49,0.318,359.59,17270.0,0.21829140978538744,1.1210953966351587
17.29,1665.89,0.321,368.08,17290.0,0.22115646657997376,1.1259659931859554
17.31,1666.33,0.322,281.76,17310.0,0.220478172153319,1.1248128926606422
17.33,1666.86,0.323,329.81,17330.0,0.22289345919538436,1.1289188806321535
17.35,1667.31,0.325,383.91,17350.0,0.22232582018558256,1.1279538943154903
17.37,1667.78,0.328,404.28,17370.0,0.22211929330107763,1.127602798611832
17.39,1668.19,0.328,406.96,17390.0,0.2221823213346397,1.1277099462688875
17.41,1668.65,0.329,296.5,17410.0,0.22207348053444909,1.1275249169085635
17.43,1669.09,0.33,357.25,17430.0,0.2198124660061998,1.1236811922105396
17.45,1669.55,0.331,285.89,17450.0,0.2237383250634691,1.1303551526078974
17.47,1669.95,0.332,318.73,17470.0,0.22511137309125293,1.1326893342551299
17.49,1670.38,0.333,277.32,17490.0,0.22808388585019965,1.1377426059453395
17.51,1670.8,0.333,263.9,17510.0,0.22993180894520276,1.1408840752068448
17.53,1671.2,0.333,225.88,17530.0,0.23501340224396575,1.1495227838147417
17.55,1671.65,0.334,248.99,17550.0,0.2348028724560526,1.1491648831752894
17.57,1672.12,0.335,272.96,17570.0,0.23328659078895783,1.1465872043412282
17.59,1672.61,0.336,220.64,17590.0,0.2340324011852854,1.147855082014985
17.61,1673.08,0.337,232.61,17610.0,0.23467029060238398,1.1489394940240527
17.63,1673.63,0.338,175.68,17630.0,0.23573264179764583,1.1507454910559978
17.65,1674.11,0.338,181.17,17650.0,0.23643881284497664,1.1519459818364604
17.67,1674.49,0.34,251.53,17670.0,0.23984057724559146,1.1577289813175056
17.69,1674.92,0.341,177.91,17690.0,0.23958358325602128,1.1572920915352363
17.71,1675.35,0.342,187.11,17710.0,0.24514770751362142,1.1667511027731563
17.73,1675.8,0.343,186.41,17730.0,0.24473236432109668,1.1660450193458645
17.75,1676.27,0.343,144.09,17750.0,0.2458325545200574,1.1679153426840976
17.77,1676.8,0.345,140.99,17770.0,0.24985742808036704,1.174757627736624
17.79,1677.31,0.346,198.34,17790.0,0.2491021158707051,1.1734735969801986
17.81,1677.78,0.346,255.41,17810.0,0.25554740017618566,1.1844305802995156
17.83,1678.2,0.347,211.33,17830.0,0.256806459965219,1.1865709819408723
17.85,1678.67,0.347,238.58,17850.0,0.26247916475887995,1.1962145800900958
17.87,1679.16,0.348,202.32,17870.0,0.2635400989373901,1.198018168193563
17.89,1679.64,0.349,334.2,17890.0,0.26514830577705734,1.2007521198209974
17.91,1680.05,0.35,207.76,17910.0,0.2650572706512795,1.200597360107175
17.93,1680.47,0.351,264.38,17930.0,0.2670438896681274,1.2039746124358166
17.95,1680.96,0.351,275.37,17950.0,0.26542637011828957,1.2012248292010923
17.97,1681.39,0.351,311.4,17970.0,0.256570394680219,1.1861696709563723
17.99,1681.82,0.351,294.44,17990.0,0.2411921716986119,1.1600266918876403
18.01,1682.25,0.353,244.69,18010.0,0.22174676682779162,1.1269695036072458
18.03,1682.64,0.354,189.96,18030.0,0.2209321486538098,1.1255846527114768
18.07,1683.57,0.356,231.6,18070.0,0.20764566575455154,1.1029976317827377
18.09,1684.07,0.356,205.55,18090.0,0.20468623201158267,1.0979665944196906
18.11,1684.55,0.357,207.06,18110.0,0.1967378620367303,1.0844543654624414
18.13,1685.06,0.358,176.66,18130.0,0.19390312357122855,1.0796353100710885
18.15,1685.55,0.358,234.77,18150.0,0.19431948938782836,1.0803431319593082
18.17,1686.04,0.358,257.44,18170.0,0.1965160887802224,1.0840773509263781
18.19,1686.5,0.359,231.2,18190.0,0.19595676988220398,1.0831265087997468
18.21,1686.95,0.359,238.78,18210.0,0.19399932523586233,1.0797988529009659
18.23,1687.35,0.36,229.17,18230.0,0.19753504625108198,1.0858095786268394
18.25,1687.86,0.361,236.47,18250.0,0.19984040307320688,1.0897286852244517
18.27,1688.35,0.361,190.62,18270.0,0.19899309685481129,1.0882882646531793
18.29,1688.78,0.362,260.76,18290.0,0.20952005090568546,1.1061840865396653
18.31,1689.23,0.364,168.15,18310.0,0.2085860512143675,1.1045962870644246
18.33,1689.66,0.364,249.75,18330.0,0.2071158916040049,1.1020970157268084
18.35,1690.04,0.365,220.12,18350.0,0.20804207709320868,1.1036715310584548
18.37,1690.43,0.366,169.72,18370.0,0.20715903729957041,1.1021703634092697
18.39,1690.92,0.366,183.79,18390.0,0.20209922598629101,1.0935686841766947
18.41,1691.32,0.368,154.66,18410.0,0.19836305872773902,1.0872171998371563
18.43,1691.75,0.368,192.12,18430.0,0.1997823185867672,1.0896299415975044
18.45,1692.19,0.37,158.27,18450.0,0.205016265098101,1.0985276506667718
18.47,1692.67,0.37,216.0,18470.0,0.20588577102714462,1.100005810746146
18.49,1693.11,0.372,144.13,18490.0,0.20596747069675192,1.1001447001844782
18.51,1693.54,0.374,142.55,18510.0,0.2060071461567475,1.1002121484664706
18.53,1693.97,0.375,185.93,18530.0,0.19956841299283576,1.0892663020878208
18.55,1694.41,0.377,190.72,18550.0,0.19955028272268135,1.0892354806285582
18.57,1694.92,0.378,182.22,18570.0,0.19805682869113314,1.0866966087749264
18.59,1695.36,0.38,188.16,18590.0,0.19477193465810108,1.0811122889187719
18.61,1695.82,0.38,187.19,18610.0,0.18533063790906326,1.0650620844454075
18.63,1696.29,0.381,175.4,18630.0,0.17791063745282348,1.0524480836698
18.65,1696.74,0.381,213.7,18650.0,0.17688888680905474,1.050711107575393
18.67,1697.18,0.382,213.86,18670.0,0.17725310443843614,1.0513302775453415
18.69,1697.67,0.383,213.82,18690.0,0.17893397864603336,1.0541877636982568
18.71,1698.13,0.384,223.59,18710.0,0.1848806928551472,1.0642971778537502
18.73,1698.59,0.384,172.86,18730.0,0.1905523547571923,1.073939003087227
18.75,1699.01,0.386,171.22,18750.0,0.1922671313691277,1.076854123327517
18.77,1699.51,0.387,200.77,18770.0,0.19277889999762313,1.0777241299959592
18.79,1700.0,0.389,184.97,18790.0,0.18994302317325346,1.0729031393945307
18.81,1700.51,0.389,156.09,18810.0,0.18945503275302816,1.072073555680148
18.83,1700.94,0.39,163.82,18830.0,0.18853006141752038,1.0705011044097845
18.85,1701.38,0.392,188.96,18850.0,0.18913719012892904,1.0715332232191794
18.87,1701.82,0.393,328.26,18870.0,0.18855346759106587,1.0705408949048119
18.89,1702.27,0.394,208.16,18890.0,0.18870035083105502,1.0707905964127935
18.91,1702.68,0.396,217.32,18910.0,0.18647040886617097,1.0669996950724907
18.93,1703.14,0.398,173.73,18930.0,0.18528217866314203,1.0649797037273414
18.95,1703.56,0.398,225.83,18950.0,0.1829120337316861,1.0609504573438664
18.97,1703.99,0.4,208.0,18970.0,0.18291666635005052,1.060958332795086
18.99,1704.42,0.4,172.98,18990.0,0.1832837147273257,1.0615823150364536
19.01,1704.87,0.401,175.21,19010.0,0.18319424757037142,1.0614302208696313
19.03,1705.33,0.401,135.01,19030.0,0.18095446013922184,1.0576225822366772
19.05,1705.76,0.402,186.3,19050.0,0.18225567850293317,1.0598346534549865
19.07,1706.18,0.404,240.55,19070.0,0.1800337129177917,1.0560573119602459
19.09,1706.68,0.405,200.96,19090.0,0.18524244162251513,1.0649121507582757
19.11,1707.08,0.406,300.45,19110.0,0.18127597025883105,1.0581691494400127
19.13,1707.55,0.407,208.96,19130.0,0.18112567476906152,1.0579136471074047
19.15,1708.02,0.407,244.37,19150.0,0.1833147218669338,1.0616350271737875
19.17,1708.4,0.408,232.37,19170.0,0.1877229938237099,1.069129089500307
19.19,1708.82,0.41,233.57,19190.0,0.18696025324036225,1.0678324305086158
19.21,1709.27,0.41,202.17,19210.0,0.1889154418280543,1.0711562511076922
19.23,1709.72,0.411,192.62,19230.0,0.190314154277448,1.0735340622716616
19.25,1710.14,0.412,236.75,19250.0,0.1988469714461778,1.0880398514585021
19.27,1710.58,0.413,165.57,19270.0,0.19901178010997905,1.0883200261869643
19.29,1711.04,0.414,136.0,19290.0,0.20173246777098736,1.0929451952106786
19.31,1711.47,0.414,136.29,19310.0,0.20178556539354173,1.093035461169021
19.33,1711.88,0.415,157.25,19330.0,0.2017253317861199,1.092933064036404
19.35,1712.33,0.416,171.84,19350.0,0.20195633982710898,1.0933257777060852
19.37,1712.79,0.418,196.49,19370.0,0.20038665317668497,1.0906573104003645
19.39,1713.29,0.419,220.74,19390.0,0.2007173028574662,1.0912194148576926
19.41,1713.72,0.42,185.74,19410.0,0.20304509789007752,1.0951766664131317
19.43,1714.18,0.421,169.1,19430.0,0.20123649215116893,1.0921020366569871
19.45,1714.61,0.422,177.11,19450.0,0.2027100308366808,1.0946070524223575
19.47,1715.1,0.422,185.99,19470.0,0.20192781548831237,1.093277286330131
19.51,1716.03,0.425,159.96,19510.0,0.18984564547161695,1.0727375973017488
19.53,1716.53,0.425,206.71,19530.0,0.1904372048747722,1.0737432482871128
19.55,1716.99,0.426,176.9,19550.0,0.19352806384109,1.078997708529853
19.57,1717.4,0.427,220.21,19570.0,0.19287442532959276,1.0778865230603076
19.59,1717.83,0.428,165.01,19590.0,0.1966353838374648,1.0842801525236903
19.61,1718.29,0.428,212.39,19610.0,0.20022813347530252,1.0903878269080143
19.63,1718.67,0.43,185.4,19630.0,0.19946109482477442,1.0890838612021165
19.65,1719.11,0.431,234.09,19650.0,0.19825042941100804,1.0870257299987136
19.67,1719.51,0.432,203.01,19670.0,0.19210093422955754,1.0765715881902478
19.69,1719.89,0.433,269.58,19690.0,0.19463686222886178,1.0808826657890651
19.71,1720.28,0.434,193.0,19710.0,0.1940333520786308,1.0798566985336724
19.73,1720.73,0.434,265.03,19730.0,0.19499116663018207,1.0814849832713094
19.75,1721.17,0.434,254.06,19750.0,0.1885547256651625,1.0705430336307762
19.77,1721.64,0.436,272.64,19770.0,0.19318183784838416,1.0784091243422531
19.79,1722.09,0.438,209.87,19790.0,0.20010513090535148,1.0901787225390975
19.81,1722.54,0.438,161.65,19810.0,0.21212484703191936,1.1106122399542628
19.83,1723.03,0.438,166.72,19830.0,0.21190609790591766,1.11024036644006
19.85,1723.44,0.439,306.3,19850.0,0.21168949082561156,1.1098721344035396
19.87,1723.9,0.44,224.3,19870.0,0.21122809719166527,1.1090877652258309
19.89,1724.34,0.441,159.09,19890.0,0.21110010683764563,1.1088701816239976
19.91,1724.81,0.442,218.63,19910.0,0.20874587358765317,1.1048679850990104
19.93,1725.24,0.443,200.12,19930.0,0.2093001635666981,1.1058102780633867
19.95,1725.63,0.444,252.19,19950.0,0.2028313831058315,1.0948133512799134
19.97,1726.07,0.445,222.14,19970.0,0.19949476123199805,1.0891410940943966
19.99,1726.48,0.445,190.81,19990.0,0.20259160759098452,1.0944057329046737
20.01,1726.96,0.446,269.46,20010.0,0.2047944618951641,1.098150585221779
20.03,1727.42,0.446,254.57,20030.0,0.20519568498280152,1.0988326644707627
20.05,1727.81,0.447,282.59,20050.0,0.21142581926291962,1.1094238927469633
20.07,1728.24,0.447,214.97,20070.0,0.20897355842362852,1.1052550493201685
20.09,1728.67,0.448,206.32,20090.0,0.2088947951386254,1.1051211517356632
20.11,1729.12,0.449,189.9,20110.0,0.20953880804128153,1.1062159736701787
20.13,1729.56,0.45,159.16,20130.0,0.20618256227832973,1.1005103558731606
20.15,1730.04,0.452,182.73,20150.0,0.2059724998537675,1.1001532497514048
20.17,1730.55,0.452,151.42,20170.0,0.2062387874357594,1.100605938640791
20.19,1731.0,0.452,152.74,20190.0,0.2063767678875846,1.1008405054088939
20.21,1731.47,0.453,184.31,20210.0,0.2031745694048509,1.0953967679882466
20.23,1731.96,0.453,227.77,20230.0,0.20321063742629,1.095458083624693
20.25,1732.41,0.454,224.71,20250.0,0.20179222903043037,1.0930467893517317
20.27,1732.92,0.457,156.91,20270.0,0.20517049227865325,1.0987898368737106
20.29,1733.32,0.458,203.08,20290.0,0.2069397908542361,1.1017976444522013
20.31,1733.76,0.459,180.21,20310.0,0.20714905449855545,1.1021533926475442
20.33,1734.14,0.46,251.33,20330.0,0.20605011873155438,1.1002852018436424
20.35,1734.57,0.46,279.54,20350.0,0.20574346830871146,1.0997638961248095
20.37,1735.04,0.461,302.87,20370.0,0.2084979044845563,1.1044464376237457
20.39,1735.43,0.462,330.67,20390.0,0.20719007487330704,1.102223127284622
20.41,1735.82,0.463,221.19,20410.0,0.20706722266378583,1.102014278528436
20.43,1736.26,0.463,218.42,20430.0,0.20457469441488055,1.097776980505297
20.45,1736.75,0.463,229.83,20450.0,0.2058487760868747,1.099942919347687
20.47,1737.16,0.465,203.71,20470.0,0.2015820877479192,1.0926895491714625
20.49,1737.61,0.465,231.89,20490.0,0.2049734410869067,1.0984548498477413
20.51,1738.09,0.465,308.13,20510.0,0.2007807496078681,1.0913272743333757
20.53,1738.51,0.466,211.72,20530.0,0.20095412590703104,1.0916220140419528
20.55,1738.97,0.467,198.29,20550.0,0.2001434513675715,1.0902438673248716
20.57,1739.44,0.469,145.2,20570.0,0.2024472639298755,1.0941603486807883
20.59,1739.86,0.471,166.55,20590.0,0.2035079114920531,1.0959634495364903
20.61,1740.31,0.472,201.03,20610.0,0.20494739024275385,1.0984105634126815
20.63,1740.77,0.472,130.52,20630.0,0.2045286250501264,1.097698662585215
20.65,1741.14,0.473,225.28,20650.0,0.20472267056123641,1.0980285399541019
20.67,1741.54,0.474,178.11,20670.0,0.20334596226503607,1.0956881358505612
20.69,1741.97,0.474,177.02,20690.0,0.20423411533209862,1.0971979960645677
20.71,1742.43,0.476,211.73,20710.0,0.20331777072046675,1.0956402102247935
20.73,1742.87,0.476,228.91,20730.0,0.20288246007005586,1.094900182119095
20.75,1743.32,0.476,274.65,20750.0,0.20171512771566605,1.0929157171166324
20.77,1743.7,0.477,238.84,20770.0,0.19935222869807037,1.0888987887867196
20.79,1744.13,0.477,226.34,20790.0,0.1924422062063244,1.0771517505507515
20.81,1744.54,0.478,210.96,20810.0,0.18841333243903916,1.0703026651463665
20.83,1744.94,0.481,234.27,20830.0,0.19022150548422279,1.0733765593231788
20.85,1745.31,0.482,290.63,20850.0,0.1915681488982777,1.075665853127072
20.87,1745.74,0.484,281.69,20870.0,0.191780634927184,1.0760270793762128
20.89,1746.13,0.485,272.63,20890.0,0.18498368991717376,1.0644722728591953
20.91,1746.52,0.486,223.45,20910.0,0.18321876088987313,1.0614718935127843
20.93,1746.92,0.487,259.26,20930.0,0.18203614181908406,1.0594614410924428
20.95,1747.3,0.488,292.98,20950.0,0.18475048772943806,1.0640758291400447
20.97,1747.68,0.489,216.78,20970.0,0.18483890183127574,1.0642261331131688
20.99,1748.07,0.49,213.99,20990.0,0.18572667130613876,1.065735341220436
21.01,1748.43,0.492,272.86,21010.0,0.18514702136069922,1.0647499363131887
21.03,1748.81,0.494,310.18,21030.0,0.1912929840150848,1.075198072825644
21.05,1749.18,0.495,224.47,21050.0,0.2025077315238064,1.0942631435904708
21.07,1749.54,0.496,298.33,21070.0,0.2046942373075635,1.0979802034228578
21.09,1749.92,0.496,257.85,21090.0,0.20712456188443462,1.1021117552035389
21.11,1750.29,0.497,258.29,21110.0,0.21612230629381793,1.1174079206994905
21.13,1750.69,0.499,254.36,21130.0,0.21572449330205187,1.1167316386134882
21.15,1751.11,0.499,293.25,21150.0,0.21320274361685732,1.1124446641486574
21.17,1751.5,0.5,278.69,21170.0,0.20954268762975853,1.1062225689705896
21.19,1751.91,0.501,305.59,21190.0,0.19919545237633426,1.0886322690397683
21.21,1752.32,0.502,257.13,21210.0,0.19435436286554317,1.0804024168714235
21.23,1752.71,0.503,219.33,21230.0,0.19368781219282624,1.0792692807278046
21.25,1753.09,0.503,245.96,21250.0,0.179732640816966,1.0555454893888423
21.31,1754.28,0.505,282.39,21310.0,0.1777091039653042,1.0521054767410172
21.33,1754.64,0.507,243.08,21330.0,0.17053022892891756,1.03990138917916
21.35,1755.0,0.508,288.55,21350.0,0.16309851426954872,1.0272674742582328
21.37,1755.37,0.509,319.73,21370.0,0.16034580039398336,1.0225878606697716
21.39,1755.75,0.511,275.61,21390.0,0.15921948361860802,1.0206731221516336
21.41,1756.14,0.511,250.88,21410.0,0.15948512729777964,1.0211247164062254
21.43,1756.55,0.513,312.51,21430.0,0.16042510801673576,1.0227226836284509
21.45,1756.9,0.513,335.52,21450.0,0.15880723795012808,1.0199723045152176
21.47,1757.26,0.513,304.4,21470.0,0.15609226395168616,1.0153568487178664
21.49,1757.68,0.514,290.4,21490.0,0.15409961414649134,1.0119693440490352
21.51,1758.04,0.515,279.08,21510.0,0.1541159361847881,1.0119970915141399
21.53,1758.4,0.515,282.11,21530.0,0.1542135811019538,1.0121630878733214
21.55,1758.76,0.517,328.27,21550.0,0.15428899223296264,1.0122912867960365
21.57,1759.18,0.518,324.51,21570.0,0.15272465377797836,1.0096319114225631
21.59,1759.55,0.519,282.92,21590.0,0.15208371742886967,1.0085423196290784
21.61,1759.91,0.52,316.44,21610.0,0.15335372032899228,1.0107013245592869
21.63,1760.26,0.52,324.23,21630.0,0.1503613808641778,1.0056143474691024
21.65,1760.62,0.521,368.7,21650.0,0.14653846880961993,0.9991153969763539
21.67,1761.02,0.522,409.91,21670.0,0.14627883214485385,0.9986740146462515
21.69,1761.43,0.523,344.63,21690.0,0.14618483757000988,0.9985142238690168
21.71,1761.8,0.524,369.55,21710.0,0.14295820387980476,0.9930289465956681
21.73,1762.17,0.525,412.87,21730.0,0.14308230923211818,0.993239925694601
21.75,1762.53,0.527,288.32,21750.0,0.14284244216817038,0.9928321516858897
21.77,1762.91,0.528,278.88,21770.0,0.14241486377976612,0.9921052684256024
21.79,1763.29,0.528,291.78,21790.0,0.14499291402680484,0.9964879538455682
21.81,1763.67,0.529,294.93,21810.0,0.1482835218926821,1.0020819872175595
21.83,1764.07,0.529,211.73,21830.0,0.1498596811790917,1.004761458004456
21.85,1764.45,0.53,208.39,21850.0,0.15373303636199717,1.0113461618153952
21.87,1764.86,0.53,283.75,21870.0,0.1535000577379627,1.0109500981545365
21.89,1765.26,0.531,269.37,21890.0,0.15011322731357754,1.005192486433082
21.91,1765.62,0.531,292.54,21910.0,0.15077131980713238,1.006311243672125
21.93,1765.99,0.531,265.2,21930.0,0.15197246745725726,1.0083531946773374
21.95,1766.36,0.532,248.23,21950.0,0.15672180675618602,1.0164270714855164
21.97,1766.71,0.532,245.8,21970.0,0.1591177633993214,1.0205001977788464
21.99,1767.07,0.533,312.19,21990.0,0.15868301693849476,1.0197611287954411
22.01,1767.43,0.534,226.08,22010.0,0.15892177482183525,1.02016701719712
22.03,1767.79,0.536,250.97,22030.0,0.15897767427416828,1.020262046266086
22.05,1768.18,0.536,244.28,22050.0,0.15908146123090883,1.0204384840925451
22.07,1768.5,0.537,281.49,22070.0,0.15777085378952224,1.018210451442188
22.09,1768.89,0.538,294.58,22090.0,0.15961193357451955,1.0213402870766832
22.11,1769.23,0.539,275.18,22110.0,0.1608841251713475,1.0235030127912907
22.13,1769.61,0.54,309.97,22130.0,0.16492703762906064,1.030375963969403
22.15,1770.0,0.541,243.94,22150.0,0.166067275529265,1.0323143683997504
22.17,1770.39,0.542,296.83,22170.0,0.1662077654315419,1.0325532012336212
22.19,1770.73,0.544,247.2,22190.0,0.16557496893052318,1.0314774471818895
22.21,1771.13,0.545,258.3,22210.0,0.16692886226998863,1.0337790658589807
22.23,1771.49,0.547,312.69,22230.0,0.16625904520171036,1.0326403768429075
22.25,1771.81,0.547,293.5,22250.0,0.1651384191477204,1.0307353125511247
22.27,1772.21,0.548,305.87,22270.0,0.1752554911970167,1.0479343350349284
22.29,1772.58,0.548,301.02,22290.0,0.1791186498632092,1.0545017047674556
22.31,1772.95,0.548,278.96,22310.0,0.1917408689893522,1.0759594772818988
22.33,1773.33,0.549,324.17,22330.0,0.19828373023509177,1.087082341399656
22.35,1773.74,0.551,321.33,22350.0,0.19253666907373315,1.0773123374253464
22.37,1774.12,0.551,221.75,22370.0,0.1976073032079066,1.085932415453441
22.39,1774.53,0.552,225.03,22390.0,0.19870845125958328,1.0878043671412916
22.41,1774.91,0.553,243.18,22410.0,0.19845869819095788,1.0873797869246284
22.43,1775.33,0.553,215.78,22430.0,0.1978584322306618,1.086359334792125
22.45,1775.76,0.554,262.52,22450.0,0.19667426884492326,1.0843462570363696
22.47,1776.15,0.556,312.13,22470.0,0.1952167266610901,1.0818684353238532
22.49,1776.59,0.557,236.6,22490.0,0.1952388658126483,1.0819060718815021
22.51,1776.96,0.558,249.57,22510.0,0.1952275797022465,1.081886885493819
22.53,1777.33,0.56,194.5,22530.0,0.19618495307726894,1.0835144202313571
22.55,1777.75,0.561,231.41,22550.0,0.19629299819199728,1.0836980969263954
22.57,1778.12,0.563,280.45,22570.0,0.19914385630282627,1.0885445557148046
22.59,1778.51,0.563,316.51,22590.0,0.2082921803103314,1.1040967065275633
22.61,1778.9,0.563,249.84,22610.0,0.21843367227343108,1.1213372428648327
22.63,1779.27,0.564,267.02,22630.0,0.23263127212655343,1.1454731626151409
22.65,1779.66,0.564,292.59,22650.0,0.24976351903323116,1.174597982356493
22.67,1780.04,0.565,234.87,22670.0,0.2714884644171816,1.2115303895092087
22.71,1780.91,0.567,244.85,22710.0,0.2857585755562614,1.2357895784456443
22.73,1781.31,0.568,208.74,22730.0,0.2929175903341843,1.2479599035681133
22.75,1781.74,0.568,245.05,22750.0,0.29336934538551235,1.248727887155371
22.77,1782.12,0.57,242.22,22770.0,0.2964066443144634,1.2538912953345878
22.79,1782.46,0.57,261.25,22790.0,0.30486296991744416,1.268267048859655
22.81,1782.84,0.571,238.83,22810.0,0.3233596503169339,1.2997114055387877
22.83,1783.24,0.572,290.65,22830.0,0.3398277434527689,1.327707163869707
22.85,1783.62,0.573,283.01,22850.0,0.3717661087056776,1.3820023847996519
22.87,1784.03,0.575,129.15,22870.0,0.4289642732790115,1.4792392645743195
22.89,1784.47,0.577,123.85,22890.0,0.4468371788459848,1.509623204038174
22.91,1784.96,0.579,116.49,22910.0,0.47600183409557273,1.5592031179624737
22.93,1785.42,0.58,128.39,22930.0,0.49102837652735437,1.5847482400965025
22.95,1785.85,0.582,153.84,22950.0,0.5182512716081,1.63102716173377
22.97,1786.28,0.583,172.08,22970.0,0.5349071716973592,1.6593421918855107
22.99,1786.65,0.585,217.52,22990.0,0.5379277501520251,1.6644771752584426
23.01,1787.07,0.585,236.53,23010.0,0.5473569552822676,1.6805068239798548
23.03,1787.52,0.585,241.24,23030.0,0.5543171442617834,1.6923391452450316
23.05,1787.94,0.586,283.55,23050.0,0.5567378385556093,1.696454325544536
23.07,1788.31,0.587,285.57,23070.0,0.5580137379419137,1.6986233545012532
23.09,1788.78,0.588,237.95,23090.0,0.556234981909177,1.6955994692456007
23.11,1789.21,0.589,252.99,23110.0,0.5635617706608977,1.7080550101235261
23.13,1789.59,0.589,310.02,23130.0,0.562885394319312,1.7069051703428304
23.15,1789.92,0.59,247.36,23150.0,0.58701058580666,1.747917995871322
23.17,1790.26,0.59,194.04,23170.0,0.5886460122021644,1.7506982207436794
23.19,1790.68,0.591,140.89,23190.0,0.5862331944699095,1.7465964305988462
23.21,1791.16,0.592,121.03,23210.0,0.5827799812396413,1.74072596810739
23.23,1791.63,0.593,102.18,23230.0,0.5833239279616508,1.7416506775348064
23.25,1792.16,0.594,85.5,23250.0,0.5790659414881772,1.7344121005299011
23.27,1792.62,0.595,57.9,23270.0,0.5781171714324547,1.732799191435173
23.29,1793.19,0.596,88.83,23290.0,0.5763479209121609,1.7297914655506736
23.31,1793.69,0.597,128.56,23310.0,0.5697339750327377,1.718547757555654
23.33,1794.08,0.598,212.38,23330.0,0.5662845681604013,1.7126837658726821
23.35,1794.49,0.599,346.66,23350.0,0.5598762683590578,1.7017896562103982
23.37,1794.88,0.599,381.3,23370.0,0.5576036012140839,1.6979261220639428
23.39,1795.27,0.6,457.18,23390.0,0.5542981125932652,1.692306791408551
23.41,1795.64,0.602,456.56,23410.0,0.5512796188588098,1.6871753520599766
23.43,1795.98,0.605,554.97,23430.0,0.5430377085008067,1.6731641044513714
23.45,1796.35,0.607,698.16,23450.0,0.5387429849895381,1.6658630744822147
23.47,1796.72,0.608,546.21,23470.0,0.5373279954368685,1.6634575922426764
23.49,1797.07,0.609,639.92,23490.0,0.5242427366861198,1.6412126523664035
23.51,1797.36,0.61,570.34,23510.0,0.5101879526634318,1.6173195195278338
23.53,1797.67,0.61,685.87,23530.0,0.4960367592317084,1.5932624906939044
23.55,1798.03,0.611,632.82,23550.0,0.4820891742350422,1.5695515961995716
23.61,1799.03,0.615,486.29,23610.0,0.47224098171830536,1.552809668921119
23.63,1799.34,0.617,630.95,23630.0,0.46873294306906016,1.5468460032174023
23.65,1799.67,0.618,626.41,23650.0,0.4628500795963989,1.5368451353138781
23.67,1799.97,0.621,573.73,23670.0,0.4582193204737352,1.5289728448053497
23.69,1800.31,0.621,595.6,23690.0,0.4499257622181746,1.5148737957708969
23.71,1800.63,0.624,492.99,23710.0,0.4442131293742861,1.5051623199362862
23.73,1800.95,0.625,648.37,23730.0,0.4395209847271749,1.4971856740361973
23.75,1801.27,0.625,586.0,23750.0,0.4341128242543939,1.4879918012324698
23.77,1801.58,0.626,891.54,23770.0,0.42823260854654815,1.4779954345291317
23.79,1801.91,0.626,732.06,23790.0,0.42563293376492783,1.4735759874003773
23.83,1802.53,0.63,643.34,23830.0,0.4205011897167793,1.4648520225185249
23.85,1802.85,0.632,543.7,23850.0,0.4154442426277458,1.456255212467168
23.87,1803.16,0.633,646.14,23870.0,0.405972271984187,1.440152862373118
23.89,1803.47,0.633,603.54,23890.0,0.3941106148494452,1.419988045244057
23.91,1803.77,0.634,689.06,23910.0,0.3803663600073734,1.3966228120125348
23.93,1804.06,0.635,653.53,23930.0,0.3670632638564778,1.3740075485560124
23.95,1804.35,0.636,583.88,23950.0,0.35037406531071236,1.345635911028211
23.97,1804.66,0.638,696.64,23970.0,0.3328947678230534,1.3159211052991906
23.99,1804.94,0.639,686.02,23990.0,0.31690791140052205,1.2887434493808874
24.01,1805.23,0.64,759.98,24010.0,0.3056231142108559,1.269559294158455
24.03,1805.56,0.641,758.77,24030.0,0.30317567664474016,1.2653986502960581
24.05,1805.87,0.642,760.5,24050.0,0.30112937620018704,1.261919939540318
24.11,1806.81,0.644,532.03,24110.0,0.3001603896080103,1.2602726623336173
24.13,1807.09,0.645,419.41,24130.0,0.30076751010592867,1.2613047671800788
24.15,1807.4,0.646,316.15,24150.0,0.30080389660182977,1.2613666242231107
24.17,1807.74,0.647,396.52,24170.0,0.2988712249999423,1.2580810824999018
24.19,1808.04,0.649,418.37,24190.0,0.29938087071096325,1.2589474802086376
24.21,1808.39,0.652,397.59,24210.0,0.29865517886547427,1.2577138040713063
24.23,1808.74,0.653,421.52,24230.0,0.3029155416537229,1.264956420811329
24.25,1809.03,0.654,341.06,24250.0,0.30389435106665447,1.2666203968133125
24.27,1809.4,0.655,229.72,24270.0,0.30335820164082994,1.265708942789411
24.29,1809.73,0.656,341.7,24290.0,0.30336213952441654,1.2657156371915081
24.31,1810.05,0.657,336.48,24310.0,0.3047929833792526,1.2681480717447293
24.33,1810.36,0.658,505.11,24330.0,0.30868444455482735,1.2747635557432064
24.35,1810.72,0.658,464.9,24350.0,0.3105098899101552,1.2778668128472639
24.37,1811.06,0.66,417.09,24370.0,0.3159574016458778,1.2871275827979924
24.39,1811.35,0.662,357.6,24390.0,0.3253536088734339,1.3031011350848376
24.41,1811.69,0.663,397.96,24410.0,0.3325461859830689,1.3153285161712172
24.43,1812.02,0.664,379.68,24430.0,0.33706501464099026,1.3230105248896833
24.45,1812.37,0.665,362.74,24450.0,0.3205747983329331,1.2949771571659863
24.47,1812.7,0.665,283.68,24470.0,0.3177261437704618,1.290134444409785
24.49,1813.0,0.667,297.94,24490.0,0.31707600067424635,1.2890292011462188
24.51,1813.28,0.668,314.39,24510.0,0.31689477586519654,1.288721118970834
24.53,1813.57,0.669,317.82,24530.0,0.31267855598418015,1.2815535451731064
24.55,1813.89,0.67,273.82,24550.0,0.311431264812454,1.2794331501811718
24.57,1814.19,0.671,283.32,24570.0,0.3076481914335746,1.2730019254370768
24.59,1814.49,0.672,353.22,24590.0,0.3037781235142659,1.266422809974252
24.61,1814.79,0.674,397.21,24610.0,0.30360910220745474,1.2661354737526729
24.63,1815.08,0.675,459.72,24630.0,0.30481302209546934,1.268182137562298
24.65,1815.37,0.675,412.91,24650.0,0.29843826194510675,1.2573450453066815
24.67,1815.69,0.675,451.05,24670.0,0.28624148438797553,1.2366105234595584
24.69,1815.96,0.677,537.45,24690.0,0.27439758168605816,1.2164758888662988
24.71,1816.3,0.679,430.91,24710.0,0.2599557616938501,1.191924794879545
24.73,1816.6,0.68,535.08,24730.0,0.26297404036454997,1.197055868619735
24.75,1816.88,0.68,489.33,24750.0,0.26791042748725236,1.205447726728329
24.77,1817.14,0.681,480.33,24770.0,0.26913736485223605,1.2075335202488013
24.79,1817.46,0.681,500.05,24790.0,0.2699191603066247,1.208862572521262
24.81,1817.77,0.682,346.44,24810.0,0.27722198012778554,1.2212773662172354
24.83,1818.11,0.682,366.16,24830.0,0.28186187166680127,1.229165181833562
24.85,1818.47,0.683,465.79,24850.0,0.28399697430188536,1.2327948563132052
24.87,1818.79,0.684,485.93,24870.0,0.2914752012370201,1.2455078421029342
24.89,1819.1,0.685,382.5,24890.0,0.2967393948447448,1.254456971236066
24.91,1819.44,0.686,319.75,24910.0,0.29361438606427265,1.2491444563092635
24.93,1819.76,0.688,389.57,24930.0,0.2921644174623066,1.2466795096859211
24.95,1820.06,0.69,293.09,24950.0,0.2960694601969602,1.2533180823348324
24.97,1820.43,0.691,234.25,24970.0,0.2991527510411588,1.2585596767699698
24.99,1820.78,0.693,232.38,24990.0,0.30018849166782186,1.2603204358352973
25.01,1821.11,0.693,299.32,25010.0,0.3014814519161599,1.262518468257472
25.03,1821.43,0.694,353.37,25030.0,0.30362780767705766,1.266167273050998
25.05,1821.76,0.696,292.02,25050.0,0.31230819749356564,1.2809239357390616
25.07,1822.06,0.697,332.57,25070.0,0.3122703659767526,1.2808596221604795
25.09,1822.38,0.699,419.19,25090.0,0.31064690664171296,1.2780997412909119
25.11,1822.72,0.7,493.67,25110.0,0.3123875569116937,1.2810588467498794
25.13,1823.0,0.701,565.88,25130.0,0.31086526986904794,1.2784709587773815
25.15,1823.29,0.701,619.62,25150.0,0.30778758731064726,1.2732388984281005
25.17,1823.58,0.702,562.06,25170.0,0.3007574210294932,1.2612876157501385
25.19,1823.88,0.702,579.08,25190.0,0.30690516412635654,1.271738779014806
25.21,1824.16,0.702,713.28,25210.0,0.3052330799934993,1.2688962359889489
25.23,1824.46,0.704,551.87,25230.0,0.30475919194136397,1.2680906263003187
25.25,1824.74,0.705,579.27,25250.0,0.3027028500441125,1.2645948450749913
25.27,1825.03,0.706,606.29,25270.0,0.2991079507071204,1.2584835162021046
25.29,1825.33,0.708,581.15,25290.0,0.2967355822476764,1.2544504898210498
25.31,1825.67,0.71,599.46,25310.0,0.29606958296022984,1.2533182910323908
25.33,1826.0,0.711,615.67,25330.0,0.2927733110315112,1.247714628753569
25.35,1826.28,0.712,612.83,25350.0,0.29284532240214894,1.2478370480836531
25.37,1826.6,0.714,547.54,25370.0,0.2968682813912074,1.2546760783650526
25.39,1826.9,0.715,676.02,25390.0,0.2980231104424503,1.2566392877521655
25.41,1827.2,0.717,652.24,25410.0,0.2991040613612755,1.2584769043141684
25.43,1827.49,0.718,600.34,25430.0,0.3007782216390576,1.2613229767863978
25.45,1827.78,0.719,742.02,25450.0,0.30261553214964626,1.2644464046543986
25.47,1828.07,0.72,813.18,25470.0,0.3047652210364962,1.2681008757620436
25.49,1828.35,0.722,525.64,25490.0,0.30853905781988716,1.2745163982938081
25.51,1828.63,0.723,626.39,25510.0,0.3075934112590631,1.2729087991404073
25.53,1828.94,0.725,677.01,25530.0,0.3100834745938138,1.2771419068094834
25.55,1829.24,0.726,670.27,25550.0,0.3136956349866852,1.2832825794773648
25.57,1829.53,0.727,646.02,25570.0,0.3156102292779873,1.2865373897725785
25.59,1829.85,0.729,710.59,25590.0,0.3129019314926881,1.2819332835375699
25.61,1830.13,0.732,711.09,25610.0,0.3136343005222302,1.2831783108877914
25.63,1830.42,0.732,851.26,25630.0,0.3162418290760456,1.2876111094292775
25.65,1830.71,0.733,722.96,25650.0,0.32116174760085264,1.2959749709214496
25.67,1830.99,0.734,787.92,25670.0,0.320632532183357,1.295075304711707
25.69,1831.29,0.734,854.01,25690.0,0.3237948416922944,1.3004512308769005
25.71,1831.59,0.735,793.93,25710.0,0.3307423443848529,1.3122619854542499
25.73,1831.89,0.736,767.34,25730.0,0.3372412298276927,1.3233100907070776
25.75,1832.19,0.737,736.59,25750.0,0.3439127394387602,1.3346516570458924
25.77,1832.5,0.738,999.96,25770.0,0.3496313634165242,1.344373317808091
25.79,1832.79,0.738,819.71,25790.0,0.3550481582507324,1.3535818690262449
25.81,1833.09,0.739,818.68,25810.0,0.360820322211751,1.3633945477599765
25.83,1833.36,0.741,657.82,25830.0,0.3670248313326027,1.3739422132654247
25.85,1833.64,0.741,664.11,25850.0,0.3707307280852263,1.3802422377448846
25.87,1833.94,0.741,676.96,25870.0,0.3761023808158881,1.3893740473870098
25.89,1834.25,0.744,609.67,25890.0,0.38277061664049106,1.4007100482888348
25.91,1834.53,0.745,608.57,25910.0,0.38656478396945715,1.4071601327480772
25.93,1834.82,0.746,530.72,25930.0,0.3899681295654314,1.4129458202612333
25.95,1835.12,0.747,370.06,25950.0,0.39427232188397704,1.4202629472027608
25.97,1835.45,0.749,439.7,25970.0,0.4009745633673354,1.43165675772447
25.99,1835.79,0.751,457.18,25990.0,0.40964029967750304,1.4463885094517552
26.01,1836.17,0.751,312.92,26010.0,0.4166637213392398,1.4583283262767077
26.03,1836.53,0.751,327.02,26030.0,0.4261146625699833,1.4743949263689715
26.05,1836.83,0.752,399.61,26050.0,0.43190299163275503,1.4842350857756834
26.07,1837.15,0.753,371.27,26070.0,0.43121582552740373,1.4830669033965864
26.09,1837.5,0.754,407.16,26090.0,0.4312794577784432,1.4831750782233533
26.11,1837.87,0.754,273.95,26110.0,0.4384158746651046,1.4953069869306779
26.13,1838.25,0.755,309.99,26130.0,0.44539358109675475,1.507169087864483
26.15,1838.64,0.756,259.53,26150.0,0.45013067536516355,1.515222148120778
26.17,1839.03,0.757,279.18,26170.0,0.45215253891644264,1.5186593161579525
26.19,1839.46,0.759,221.16,26190.0,0.4561742569162523,1.525496236757629
26.21,1839.83,0.759,253.57,26210.0,0.4547960265027038,1.5231532450545964
26.23,1840.19,0.76,258.44,26230.0,0.45670349655221665,1.5263959441387684
26.25,1840.56,0.76,302.0,26250.0,0.4491400901529697,1.5135381532600485
26.27,1840.92,0.761,271.83,26270.0,0.44829731270105716,1.512105431591797
26.29,1841.29,0.762,265.52,26290.0,0.442357177279412,1.5020072013750003
26.31,1841.65,0.762,309.81,26310.0,0.42848688292820775,1.4784277009779532
26.33,1841.99,0.763,326.99,26330.0,0.42289812229014057,1.468926807893239
26.35,1842.33,0.764,352.05,26350.0,0.4171153782702619,1.4590961430594453
26.37,1842.67,0.765,350.26,26370.0,0.41089118090093846,1.4485150075315953
26.39,1842.98,0.766,343.02,26390.0,0.36598095355793003,1.372167621048481
26.41,1843.36,0.766,316.35,26410.0,0.34436397083594616,1.3354187504211086
26.43,1843.74,0.767,385.82,26430.0,0.31134127869593126,1.279280173783083
26.45,1844.13,0.768,345.73,26450.0,0.30256587282880404,1.2643619838089668
26.47,1844.47,0.768,315.04,26470.0,0.285533024266911,1.2354061412537487
26.49,1844.76,0.768,383.29,26490.0,0.26247876290502276,1.1962138969385387
26.51,1845.05,0.769,394.21,26510.0,0.24834804672159475,1.172191679426711
26.53,1845.36,0.771,365.47,26530.0,0.2267520304631129,1.135478451787292
26.55,1845.72,0.772,305.01,26550.0,0.21784575087022923,1.1203377764793898
26.57,1846.02,0.773,259.64,26570.0,0.22127882620122,1.126174004542074
26.59,1846.33,0.775,281.16,26590.0,0.22259991741589663,1.1284198596070243
26.61,1846.66,0.775,235.94,26610.0,0.21837274630387038,1.1212336687165796
26.63,1847.0,0.777,313.5,26630.0,0.22366413861897055,1.13022903565225
26.65,1847.34,0.777,442.19,26650.0,0.2279556745035879,1.1375246466560993
26.67,1847.66,0.778,325.46,26670.0,0.2241728051241881,1.1310937687111198
26.69,1848.0,0.78,272.12,26690.0,0.22392934931968203,1.1306798938434595
26.71,1848.3,0.782,268.18,26710.0,0.2188749925804765,1.12208748738681
26.73,1848.67,0.784,292.99,26730.0,0.21896940530315587,1.122247989015365
26.75,1849.04,0.785,357.56,26750.0,0.21931775755397626,1.1228401878417595
26.77,1849.36,0.786,310.89,26770.0,0.22134921311867733,1.1262936623017514
26.79,1849.71,0.787,420.27,26790.0,0.22197789936994933,1.127362428928914
26.81,1850.04,0.789,304.27,26810.0,0.21993673789823967,1.1238924544270075
26.83,1850.39,0.79,346.37,26830.0,0.21917635533140878,1.1225998040633949
26.85,1850.74,0.791,320.71,26850.0,0.2184327929119613,1.1213357479503343
26.87,1851.08,0.791,340.04,26870.0,0.22083497797823404,1.1254194625629979
26.89,1851.42,0.794,385.99,26890.0,0.22189311878471504,1.1272183019340156
26.91,1851.79,0.794,240.98,26910.0,0.22984423900376447,1.1407352063063996
26.93,1852.17,0.795,245.48,26930.0,0.24128082238569393,1.1601773980556795
26.95,1852.51,0.795,263.35,26950.0,0.25459393646136236,1.182809691984316
26.97,1852.83,0.795,266.51,26970.0,0.26837158751176843,1.2062316987700064
26.99,1853.15,0.797,196.05,26990.0,0.28866605614169705,1.240732295440885
27.01,1853.49,0.798,254.95,27010.0,0.3092051830720687,1.2756488112225166
27.03,1853.86,0.798,178.66,27030.0,0.3293146778647849,1.3098349523701343
27.05,1854.21,0.798,226.78,27050.0,0.3439537619748325,1.3347213953572152
27.07,1854.57,0.799,210.55,27070.0,0.36182138982552975,1.3650963627034005
27.09,1854.91,0.8,184.27,27090.0,0.3800479467322394,1.396081509444807
27.11,1855.2,0.801,215.7,27110.0,0.39365602230052443,1.4192152379108915
27.13,1855.52,0.802,185.79,27130.0,0.4061462300441304,1.4404485910750218
27.15,1855.84,0.804,215.97,27150.0,0.4173397194800413,1.4594775231160702
27.17,1856.18,0.804,182.15,27170.0,0.41713989498203485,1.4591378214694593
27.19,1856.5,0.804,207.74,27190.0,0.4198217897053006,1.463697042499011
27.21,1856.86,0.805,198.86,27210.0,0.4204512429115197,1.4647671129495836
27.23,1857.23,0.805,206.28,27230.0,0.4201071860707765,1.46418221632032
27.25,1857.56,0.805,299.98,27250.0,0.4195567519585803,1.4632464783295864
27.27,1857.91,0.806,240.59,27270.0,0.4099282549636278,1.4468780334381672
27.29,1858.23,0.808,290.4,27290.0,0.4105462080102993,1.4479285536175088
27.31,1858.56,0.81,270.3,27310.0,0.41262482151907387,1.4514621965824257
27.33,1858.9,0.811,270.35,27330.0,0.4190412285020536,1.4623700884534911
27.35,1859.24,0.813,222.05,27350.0,0.422147415939778,1.4676506070976227
27.37,1859.58,0.814,341.6,27370.0,0.4213914091055192,1.4663653954793827
27.39,1859.93,0.815,257.59,27390.0,0.42490995233993767,1.4723469189778942
27.41,1860.22,0.816,276.85,27410.0,0.421174849854642,1.4659972447528915
27.43,1860.53,0.818,286.92,27430.0,0.4230736992341063,1.4692252886979809
27.45,1860.88,0.819,228.48,27450.0,0.4293819864615146,1.4799493769845748
27.47,1861.22,0.82,244.39,27470.0,0.43569741114048915,1.4906855989388315
27.49,1861.69,0.822,162.9,27490.0,0.44344983499034096,1.5038647194835795
27.51,1862.24,0.822,137.2,27510.0,0.45108256172846684,1.5168403549383935
27.53,1862.75,0.823,118.15,27530.0,0.4530236079114995,1.5201401334495492
27.55,1863.36,0.823,104.33,27550.0,0.45627695616460523,1.5256708254798288
27.57,1863.95,0.825,61.47,27570.0,0.4578552603796924,1.5283539426454769
27.59,1864.58,0.825,55.52,27590.0,0.4576465888911608,1.5279992011149734
27.61,1865.24,0.826,57.03,27610.0,0.4576952619532438,1.5280819453205146
27.63,1865.79,0.827,64.74,27630.0,0.46079991977780516,1.5333598636222687
27.65,1866.38,0.827,55.42,27650.0,0.45993941824822104,1.5318970110219756
27.67,1867.03,0.828,56.05,27670.0,0.46218901441262583,1.535721324501464
27.69,1867.72,0.829,59.48,27690.0,0.45928836111495586,1.530790213895425
27.71,1868.43,0.831,55.94,27710.0,0.45638853654668904,1.5258605121293713
27.73,1869.12,0.832,74.43,27730.0,0.4624646551237814,1.5361899137104285
27.75,1869.6,0.833,240.08,27750.0,0.4577357182538272,1.5281507210315062
27.77,1869.9,0.835,353.58,27770.0,0.4660685666813282,1.5423165633582578
27.79,1870.19,0.836,312.9,27790.0,0.462152423896337,1.5356591206237729
27.81,1870.54,0.838,289.83,27810.0,0.45841575921025385,1.5293067906574316
27.83,1870.85,0.84,288.16,27830.0,0.45415667259494336,1.5220663434114037
27.85,1871.17,0.841,336.78,27850.0,0.451116650896506,1.5168983065240602
27.87,1871.49,0.843,337.92,27870.0,0.45076245426862754,1.5162961722566668
27.89,1871.82,0.845,342.39,27890.0,0.4484838335770488,1.5124225170809829
27.91,1872.12,0.847,402.52,27910.0,0.44928342322474024,1.5137818194820585
27.93,1872.5,0.849,368.66,27930.0,0.44943718849579084,1.5140432204428445
27.95,1872.81,0.85,343.68,27950.0,0.4505934947708159,1.516008941110387
27.97,1873.14,0.851,381.06,27970.0,0.4508603388108433,1.5164625759784336
27.99,1873.46,0.853,377.78,27990.0,0.4644035573933873,1.5394860475687584
28.01,1873.77,0.855,354.21,28010.0,0.47772337402000264,1.5621297358340045
28.03,1874.1,0.856,428.5,28030.0,0.4920431092235952,1.5864732856801118
28.05,1874.39,0.858,422.82,28050.0,0.5072233302476971,1.612279661421085
28.07,1874.69,0.86,447.4,28070.0,0.5216982269217126,1.6368869857669115
28.09,1874.97,0.862,470.74,28090.0,0.5356418191352149,1.6605910925298653
28.11,1875.29,0.863,385.64,28110.0,0.5456570311012714,1.6776169528721614
28.13,1875.58,0.865,410.35,28130.0,0.5532117526337973,1.6904599794774553
28.15,1875.9,0.865,380.01,28150.0,0.5593772173730501,1.7009412695341852
28.17,1876.19,0.867,322.61,28170.0,0.5637956423273438,1.7084525919564846
28.19,1876.5,0.87,411.94,28190.0,0.5629256562873344,1.7069736156884683
28.21,1876.84,0.871,425.6,28210.0,0.5623699965554241,1.706028994144221
28.23,1877.13,0.873,433.82,28230.0,0.5611547772622407,1.7039631213458093
28.25,1877.47,0.876,446.78,28250.0,0.5615201076818299,1.7045841830591109
28.27,1877.79,0.877,351.79,28270.0,0.5505837101619228,1.6859923072752685
28.29,1878.1,0.878,413.97,28290.0,0.5338770767341848,1.6575910304481143
28.31,1878.44,0.879,524.44,28310.0,0.5161294970750222,1.6274201450275378
28.33,1878.75,0.88,383.33,28330.0,0.49759098411396635,1.5959046729937427
28.35,1879.09,0.88,569.58,28350.0,0.4824744722156529,1.57020660276661
28.37,1879.38,0.88,446.04,28370.0,0.47958285989795935,1.5652908618265309
28.39,1879.75,0.881,409.39,28390.0,0.48126271608747045,1.5681466173486998
28.41,1880.12,0.881,419.78,28410.0,0.48073906432024177,1.567256409344411
28.43,1880.45,0.882,451.09,28430.0,0.47965135362451894,1.5654073011616823
28.45,1880.75,0.883,316.37,28450.0,0.47842038412479815,1.5633146530121569
28.47,1881.1,0.884,302.51,28470.0,0.4806451911212938,1.5670968249061994
28.49,1881.49,0.885,266.85,28490.0,0.4804121885071855,1.5667007204622152
28.51,1881.84,0.885,266.27,28510.0,0.4809728888912347,1.5676539111150989
28.53,1882.19,0.886,243.34,28530.0,0.4808475800528396,1.5674408860898272
28.55,1882.62,0.887,217.45,28550.0,0.4811836366439114,1.5680121822946493
28.57,1883.1,0.888,102.72,28570.0,0.4810474039465045,1.5677805867090577
28.59,1883.62,0.888,84.61,28590.0,0.48113771940392486,1.5679341229866721
28.61,1884.17,0.889,81.26,28610.0,0.4811747743972545,1.5679971164753326
28.63,1884.75,0.889,75.62,28630.0,0.48560331810040513,1.5755256407706888
28.65,1885.38,0.89,60.46,28650.0,0.48854577326668575,1.5805278145533657
28.67,1885.91,0.89,71.16,28670.0,0.4883790828166851,1.5802444407883645
28.69,1886.57,0.891,61.02,28690.0,0.48910471957603396,1.5814780232792578
28.71,1887.16,0.893,63.56,28710.0,0.4880032535871651,1.5796055310981807
28.73,1887.77,0.893,60.38,28730.0,0.4907799475428706,1.58432591082288
28.75,1888.47,0.894,63.65,28750.0,0.49088042933830817,1.584496729875124
28.77,1889.11,0.895,68.98,28770.0,0.5016727855636229,1.6028437354581588
28.79,1889.79,0.896,60.2,28790.0,0.5014220945733109,1.6024175607746285
28.81,1890.48,0.896,67.41,28810.0,0.5014667797725686,1.6024935256133666
28.83,1891.07,0.897,61.61,28830.0,0.5058191196381271,1.609892503384816
28.85,1891.57,0.898,166.78,28850.0,0.5060410129214948,1.6102697219665412
28.87,1891.96,0.898,269.68,28870.0,0.5061903186911827,1.6105235417750106
28.89,1892.31,0.9,323.41,28890.0,0.5093588373892544,1.6159100235617325
28.91,1892.65,0.901,347.85,28910.0,0.5098871925032363,1.6168082272555018
28.93,1892.95,0.901,278.65,28930.0,0.5130924221811234,1.6222571177079097
28.95,1893.28,0.901,337.11,28950.0,0.513641038988494,1.6231897662804398
28.97,1893.6,0.903,458.65,28970.0,0.5131077557486238,1.6222831847726604
28.99,1893.92,0.905,351.22,28990.0,0.5161490303317107,1.6274533515639082
29.01,1894.23,0.905,345.79,29010.0,0.5168580015463394,1.628658602628777
29.03,1894.52,0.907,382.01,29030.0,0.5172455210561361,1.6293173857954313
29.05,1894.79,0.909,485.3,29050.0,0.532920599396417,1.6559650189739088
29.07,1895.08,0.911,381.52,29070.0,0.5392428243855857,1.6667128014554957
29.09,1895.35,0.912,439.46,29090.0,0.537149811626452,1.6631546797649683
29.11,1895.64,0.913,380.04,29110.0,0.541907734295541,1.6712431483024197
29.13,1895.93,0.914,332.62,29130.0,0.5374412194507423,1.663650073066262
29.15,1896.2,0.915,393.26,29150.0,0.531808994342472,1.6540752903822025
29.17,1896.5,0.917,353.47,29170.0,0.5247685989356551,1.6421066181906137
29.19,1896.78,0.918,390.18,29190.0,0.5098647790827351,1.6167701244406496
29.21,1897.05,0.918,536.04,29210.0,0.49439624915411196,1.5904736235619903
29.23,1897.32,0.919,518.71,29230.0,0.4765239992345646,1.5600907986987598
29.25,1897.63,0.919,357.95,29250.0,0.4616132618528075,1.5347425451497727
29.27,1897.89,0.92,473.58,29270.0,0.4413139933909956,1.5002337887646924
29.29,1898.2,0.921,422.73,29290.0,0.4232232169671793,1.4694794688442048
29.31,1898.48,0.923,508.6,29310.0,0.402102912592062,1.4335749514065053
29.33,1898.78,0.923,419.95,29330.0,0.38122804839868,1.398087682277756
29.35,1899.08,0.924,640.91,29350.0,0.3592999905684912,1.3608099839664352
29.37,1899.35,0.926,457.55,29370.0,0.3365452018876855,1.3221268432090654
29.39,1899.61,0.926,374.2,29390.0,0.3137473770168284,1.2833705409286082
29.41,1899.9,0.927,563.64,29410.0,0.2885545147000736,1.2405426749901252
29.43,1900.16,0.928,450.4,29430.0,0.26248899280096927,1.1962312877616477
29.45,1900.4,0.93,455.97,29450.0,0.2334641369353048,1.146889032790018
29.47,1900.64,0.932,554.2,29470.0,0.2155261634354161,1.1163944778402075
29.49,1900.91,0.933,465.6,29490.0,0.20673636315428207,1.1014518173622796
29.51,1901.16,0.935,593.39,29510.0,0.20144112813123713,1.092449917823103
29.53,1901.46,0.937,477.4,29530.0,0.19824079346709308,1.0870093488940582
29.55,1901.78,0.938,558.05,29550.0,0.1894322730230143,1.0720348641391242
29.57,1902.06,0.94,559.08,29570.0,0.18421744045837612,1.0631696487792395
29.59,1902.34,0.943,485.56,29590.0,0.18694692951017292,1.0678097801672939
29.61,1902.6,0.945,468.99,29610.0,0.18240232046013605,1.0600839447822312
29.63,1902.87,0.946,756.05,29630.0,0.17780590533897664,1.0522700390762603
29.65,1903.16,0.948,681.82,29650.0,0.17433821466235355,1.046374964926001
29.67,1903.42,0.95,502.58,29670.0,0.17528740075902768,1.047988581290347
29.69,1903.67,0.953,715.91,29690.0,0.18250348010036377,1.0602559161706184
29.71,1903.98,0.954,466.82,29710.0,0.18310602959479258,1.0612802503111474
29.73,1904.27,0.956,484.22,29730.0,0.17938325992713805,1.0549515418761346
29.75,1904.57,0.958,422.38,29750.0,0.1723142075725035,1.042934152873256
29.77,1904.85,0.959,546.45,29770.0,0.16871318607010363,1.036812416319176
29.79,1905.12,0.96,599.35,29790.0,0.1629636211461074,1.0270381559483825
29.81,1905.42,0.961,501.44,29810.0,0.15998435954642048,1.021973411228915
29.83,1905.74,0.963,657.55,29830.0,0.164313074095076,1.029332225961629
29.85,1906.01,0.965,445.45,29850.0,0.17384669750859527,1.045539385764612
29.87,1906.28,0.966,601.01,29870.0,0.17822991530753654,1.052990856022812
29.89,1906.58,0.967,473.28,29890.0,0.17862888667377613,1.0536691073454194
29.91,1906.89,0.968,552.35,29910.0,0.17979729261455096,1.0556553974447367
29.93,1907.22,0.969,548.32,29930.0,0.18534108740978875,1.0650798485966408
29.95,1907.54,0.971,471.84,29950.0,0.19217487918093676,1.0766972946075926
29.97,1907.8,0.973,438.75,29970.0,0.1970882164338998,1.0850499679376298
29.99,1908.09,0.973,526.51,29990.0,0.21189924684965,1.110228719644405
30.01,1908.37,0.975,509.22,30010.0,0.2240848796198587,1.1309442953537598
30.03,1908.67,0.977,497.0,30030.0,0.24399072019538887,1.1647842243321611
30.05,1908.95,0.977,521.97,30050.0,0.2610750936358756,1.1938276591809887
30.07,1909.22,0.979,458.95,30070.0,0.27934698556429943,1.224889875459309
30.09,1909.5,0.98,464.97,30090.0,0.30049859491298403,1.2608476113520728
30.11,1909.77,0.981,578.49,30110.0,0.3189357925985135,1.2921908474174728
30.13,1910.09,0.982,557.66,30130.0,0.33825444195706506,1.3250325513270105
30.15,1910.36,0.983,540.41,30150.0,0.35400709788396795,1.3518120664027455
30.17,1910.63,0.984,643.85,30170.0,0.3673298403139433,1.3744607285337036
30.19,1910.92,0.986,555.6,30190.0,0.3768334862806951,1.3906169266771817
30.21,1911.19,0.987,584.35,30210.0,0.3859000995010891,1.4060301691518515
30.23,1911.46,0.989,501.19,30230.0,0.39053848719116396,1.4139154282249788
30.25,1911.72,0.99,601.56,30250.0,0.38483042671982526,1.404211725423703
30.27,1912.04,0.991,774.39,30270.0,0.3857948829003723,1.4058513009306328
30.29,1912.33,0.992,422.01,30290.0,0.3916923348969093,1.4158769693247457
30.31,1912.6,0.993,493.54,30310.0,0.389240839039667,1.411709426367434
30.33,1912.87,0.994,518.51,30330.0,0.39016190961520575,1.4132752463458498
30.35,1913.19,0.995,544.4,30350.0,0.3913059792769958,1.4152201647708929
30.37,1913.44,0.996,488.87,30370.0,0.39175157535438004,1.415977678102446
30.39,1913.69,0.999,461.06,30390.0,0.39388644197838035,1.4196069513632465
30.41,1913.92,0.999,384.93,30410.0,0.39268398140831007,1.4175627683941272
30.43,1914.17,0.999,305.56,30430.0,0.3929630277879155,1.4180371472394562
30.45,1914.48,1.0,297.69,30450.0,0.3878663068504634,1.4093727216457879
30.47,1914.78,1.002,456.85,30470.0,0.38921642383951144,1.4116679205271694
30.49,1915.13,1.004,395.69,30490.0,0.3862413578109076,1.4066103082785428
30.51,1915.41,1.006,351.2,30510.0,0.38860207999421564,1.4106235359901667
30.53,1915.75,1.007,300.74,30530.0,0.38861680355762024,1.4106485660479544
30.55,1916.08,1.008,322.52,30550.0,0.3873112688732506,1.4084291570845262
30.57,1916.43,1.009,213.94,30570.0,0.38714099294876386,1.4081396880128985
30.59,1916.77,1.011,204.36,30590.0,0.38827858255290876,1.4100735903399448
30.61,1917.12,1.012,150.22,30610.0,0.3871791402064138,1.4082045383509034
30.63,1917.45,1.013,161.7,30630.0,0.3869326136957377,1.4077854432827541
30.65,1917.81,1.016,141.64,30650.0,0.3900298976869783,1.4130508260678631
30.67,1918.23,1.018,106.9,30670.0,0.38967679058888893,1.412450544001111
30.69,1918.67,1.019,123.23,30690.0,0.3902765998868122,1.4134702198075808
30.71,1919.11,1.021,102.12,30710.0,0.39012793181649347,1.413217484088039
30.73,1919.47,1.022,140.83,30730.0,0.3873652303437581,1.4085208915843888
30.75,1919.83,1.023,164.57,30750.0,0.3844102668421052,1.4034974536315787
30.77,1920.21,1.023,212.9,30770.0,0.38155639823623433,1.3986458770015984
30.79,1920.56,1.024,220.47,30790.0,0.3718526363799245,1.3821494818458717
30.81,1920.91,1.025,297.18,30810.0,0.36917859693207755,1.3776036147845319
30.83,1921.27,1.027,368.01,30830.0,0.36269673475160463,1.366584449077728
30.85,1921.61,1.029,277.22,30850.0,0.3602874763628437,1.3624887098168341
30.87,1921.94,1.032,262.99,30870.0,0.35092280725871566,1.3465687723398165
30.89,1922.22,1.034,287.63,30890.0,0.31662361461645205,1.2882601448479685
30.91,1922.53,1.036,387.94,30910.0,0.3160017945928306,1.287203050807812
30.93,1922.87,1.036,376.43,30930.0,0.31225202784303663,1.2808284473331621
30.95,1923.16,1.038,394.48,30950.0,0.30804576892109,1.273677807165853
30.97,1923.46,1.038,318.58,30970.0,0.29926150819949393,1.2587445639391397
30.99,1923.78,1.039,370.19,30990.0,0.30843291674529877,1.2743359584670078
31.01,1924.13,1.041,400.52,31010.0,0.3076184442148495,1.2729513551652443
31.03,1924.46,1.042,407.07,31030.0,0.30843723549617835,1.2743433003435032
31.05,1924.78,1.043,354.25,31050.0,0.30791696565371945,1.273458841611323
31.07,1925.11,1.045,412.65,31070.0,0.30703918299176086,1.2719666110859933
31.09,1925.45,1.047,315.65,31090.0,0.3046488626767524,1.267903066550479
31.11,1925.78,1.048,334.84,31110.0,0.3044299101588213,1.2675308472699962
31.13,1926.08,1.049,386.68,31130.0,0.3056773494159579,1.2696514940071284
31.15,1926.36,1.049,435.51,31150.0,0.3060847005155871,1.2703439908764982
31.17,1926.63,1.051,349.44,31170.0,0.31048207356962354,1.27781952506836
31.19,1926.96,1.053,401.49,31190.0,0.3071646048726601,1.2721798282835222
31.21,1927.32,1.054,366.09,31210.0,0.30709273153229183,1.2720576436048963
31.23,1927.64,1.055,271.76,31230.0,0.2985413490907343,1.2575202934542484
31.25,1927.94,1.057,341.28,31250.0,0.2954633424809203,1.2522876822175646
31.27,1928.25,1.059,351.28,31270.0,0.2896604772440772,1.2424228113149312
31.29,1928.56,1.061,389.22,31290.0,0.28037327444971016,1.2266345665645073
31.31,1928.83,1.063,322.4,31310.0,0.27157601783301594,1.211679230316127
31.33,1929.15,1.064,469.35,31330.0,0.26167503062691233,1.1948475520657509
31.35,1929.45,1.065,419.44,31350.0,0.25829496028197624,1.1891014324793596
31.37,1929.77,1.066,442.45,31370.0,0.2606356681773743,1.1930806359015365
31.39,1930.07,1.067,301.71,31390.0,0.2614363438718232,1.1944417845820994
31.41,1930.35,1.069,350.32,31410.0,0.2650450775741051,1.2005766318759787
31.43,1930.66,1.07,395.93,31430.0,0.2811086850990777,1.227884764668432
31.45,1930.96,1.072,370.41,31450.0,0.3002759134076616,1.2604690527930247
31.47,1931.24,1.073,435.61,31470.0,0.3175477067448967,1.2898311014663244
31.49,1931.55,1.074,386.28,31490.0,0.33184906194653907,1.3141434053091166
31.51,1931.85,1.076,335.19,31510.0,0.3484419327611655,1.3423512856939812
31.53,1932.15,1.078,447.93,31530.0,0.36703270617657757,1.3739556005001818
31.55,1932.51,1.08,364.31,31550.0,0.3857520375068612,1.405778463761664
31.57,1932.83,1.081,588.21,31570.0,0.40417622599157693,1.4370995841856806
31.59,1933.15,1.084,443.59,31590.0,0.4222604139645713,1.4678427037397712
31.61,1933.48,1.085,295.68,31610.0,0.43918293708382833,1.4966109930425082
31.63,1933.8,1.089,331.72,31630.0,0.4572867147792256,1.5273874151246836
31.65,1934.11,1.089,343.67,31650.0,0.47502518944993233,1.5575428220648848
31.67,1934.47,1.089,334.82,31670.0,0.4926514434159854,1.5875074538071752
31.69,1934.8,1.091,327.63,31690.0,0.5084974453489194,1.614445657093163
31.71,1935.12,1.092,284.98,31710.0,0.5251283742356839,1.6427182362006625
31.73,1935.46,1.092,287.61,31730.0,0.5423496288858751,1.6719943691059878
31.75,1935.79,1.094,219.53,31750.0,0.5582774127811188,1.6990716017279017
31.77,1936.11,1.095,271.98,31770.0,0.5737615360364068,1.7253946112618914
31.79,1936.42,1.096,205.29,31790.0,0.5901443822465584,1.7532454498191492
31.81,1936.74,1.098,260.05,31810.0,,
31.83,1937.04,1.099,194.72,31830.0,,
31.85,1937.36,1.1,200.91,31850.0,,
31.87,1937.65,1.101,189.59,31870.0,,
31.89,1937.97,1.101,206.55,31890.0,,
31.91,1938.28,1.103,184.07,31910.0,,
31.93,1938.6,1.103,170.0,31930.0,,
31.95,1938.95,1.103,144.49,31950.0,,
31.97,1939.32,1.104,203.44,31970.0,,
31.99,1939.68,1.107,179.82,31990.0,,
32.01,1940.03,1.108,108.15,32009.999999999996,,
32.03,1940.48,1.109,85.94,32030.0,,
32.05,1940.9,1.111,84.21,32049.999999999996,,
32.07,1941.39,1.111,98.16,32070.0,,
32.09,1941.84,1.113,84.43,32090.000000000004,,
32.13,1942.82,1.117,69.97,32130.000000000004,,
32.15,1943.31,1.118,66.15,32150.0,,
32.17,1943.82,1.119,62.03,32170.0,,
32.19,1944.26,1.12,64.65,32189.999999999996,,
32.21,1944.73,1.122,71.14,32210.0,,
32.23,1945.23,1.122,54.66,32229.999999999996,,
32.25,1945.83,1.123,53.29,32250.0,,
32.27,1946.41,1.123,60.18,32270.000000000004,,
32.29,1946.96,1.124,62.15,32290.0,,
32.31,1947.49,1.126,65.5,32310.000000000004,,
32.33,1948.01,1.129,60.57,32330.0,,
32.35,1948.59,1.129,64.07,32350.0,,
32.37,1949.2,1.13,50.5,32369.999999999996,,
32.39,1949.79,1.13,63.75,32390.0,,
